,index,Name,Sex
0,0,Franchón Crews-Dezurn,F
1,1,Savannah Marshall,F
2,2,Claressa Shields,F
3,3,Jessica McCaskill,F
4,4,Chantelle Cameron,F
5,5,Katie Taylor,F
6,6,Mikaela Mayer,F
7,7,Alycia Baumgardner,F
8,8,Amanda Serrano,F
9,9,Dina Thorslund,F
10,10,Marlen Esparza,F
11,11,Seniesa Estrada,F
12,12,Zongju Cai,F
13,13,Sarah Bormann,F
14,15,Nina Radovanović,F
15,16,Gloria Gallardo,F
16,17,Eva Voraberger,F
17,18,Esmeralda Moreno,F
18,20,Daniela Asenjo,F
19,21,Sharadene Fortuin,F
20,22,Melissa Oddessa Parker,F
21,23,Vissia Trovato,F
22,24,Ségolène Lefebvre,F
23,25,Mea Motu,F
24,26,Iwona Guzowska,F
25,27,Licia Boudersa,F
26,28,Firuza Sharipova,F
27,29,Terri Harper,F
28,30,Estelle Yoka Mossely,F
29,31,Lucia Rijker,F
30,32,Agnieszka Rylik,F
31,33,Esther Phiri,F
32,34,Svetlana Kulakova,F
33,35,Kali Reis,F
34,36,Jennifer Retzke,F
35,37,Cecilia Braekhus,F
36,38,Mikaela Laurén,F
37,39,Hannah Rankin,F
38,40,Patricia Berghult,F
39,42,Ivana Habazin,F
40,43,Sonya Lamonakis,F
41,44,Nao Ikeyama,F
42,45,Mika Iwakawa,F
43,46,Nanae Suzuki,F
44,47,Yuko Kuroki,F
45,48,Eri Matsuda,F
46,49,Teeraporn Pannimit,F
47,51,Hong Su-yun,F
48,52,Mako Yamada,F
49,53,Kumiko Seeser Ikehara,F
50,54,Kayoko Ebata,F
51,55,Etsuko Tada,F
52,56,Kasumi Saeki,F
53,57,Nguyễn Thị Thu Nhi,F
54,58,Yokasta Valle,F
55,59,Yesica Bopp,F
56,60,Eun Hye Lee,F
57,61,Louisa Hawton,F
58,62,Naoko Fujioka,F
59,63,Tenkai Tsunami,F
60,64,[8],F
61,65,Susi Kentikian,F
62,66,Melissa McMorrow,F
63,67,Kenia Enriquez,F
64,69,Nana Yoshikawa,F
65,70,Monserrat Alarcón,F
66,71,Arely Muciño,F
67,72,Nicola Adams,F
68,73,Debora Anahí López,F
69,74,Gabriela Celeste Alaniz,F
70,75,Carolina Raquel Duer,F
71,76,Daniela Romina Bermúdez,F
72,77,Raja Amasheh,F
73,78,Miyo Yoshida,F
74,79,Tomoko Okuda,F
75,80,Tamao Ozawa,F
76,81,Mizuki Hiruta,F
77,82,Kaliesha West,F
78,83,Mayra Alejandra Gómez,F
79,84,Sabrina Maribel Pérez,F
80,85,Ana Julaton,F
81,87,Yésica Patricia Marcos,F
82,88,Marcela Acuña,F
83,89,Ina Menzer,F
84,90,Jeannine Garside,F
85,91,Alejandra Oliveras,F
86,92,Cindy Serrano,F
87,93,Heather Hardy,F
88,95,Ramona Kuehne,F
89,96,Ewa Brodnicka,F
90,97,Erin McGowan,F
91,98,Enis Pacheco,F
92,99,María Elena Maderna,F
93,100,Yohana Belén Alfonzo,F
94,101,Rose Volante,F
95,102,Fernanda Soledad Alegre,F
96,104,Adela Celeste del Carmen Peralta,F
97,105,Ana Laura Esteche,F
98,106,Christina Linardatou,F
99,109,Hanna Gabriels,F
100,110,Cecilia Brækhus,F
101,111,Sandy Ryan,F
102,112,Oxandia Castillo,F
103,114,Natasha Jonas,F
104,115,Christina Hammer,F
105,117,Femke Hermans,F
106,118,Geovana Peres,F
107,119,Chirawadee Srisuk,F
108,120,Momo Koseki,F
109,121,Fabiana Bytyqi,F
110,122,Tina Rupprecht,F
111,123,Nanako Kikuchi,F
112,124,Carina Moreno,F
113,125,Anabel Ortiz,F
114,126,Mari Ando,F
115,127,Eun Soon Choi,F
116,128,Siriporn Thaweesuk,F
117,129,Naomi Togashi - Interim champion promoted,F
118,130,Ibeth Zamora Silva,F
119,131,Yesenia Gómez,F
120,132,Kim Clavel,F
121,133,Yesica Nery Plata,F
122,134,Stefania Bianchini,F
123,135,Simona Galassi,F
124,136,Mariana Juárez,F
125,137,Renáta Szebelédi,F
126,138,Shindo Go,F
127,139,Jessica Chávez,F
128,140,Myung Ok Ryu,F
129,141,Ana María Torres,F
130,144,Zulina Muñoz,F
131,145,Guadalupe Martínez Guzmán,F
132,146,Lourdes Juárez,F
133,147,Asley González Macías,F
134,148,Kwang Ok Kim,F
135,149,Anita Christensen,F
136,150,Susana Vázquez,F
137,152,Galina Koleva Ivanova,F
138,153,Usanakorn Thawilsuhannawang,F
139,154,Susie Ramadan,F
140,155,Yazmín Rivas,F
141,156,Catherine Phiri,F
142,157,Yulihan Luna,F
143,158,Jackie Nava,F
144,159,Alejandra Marina Oliveras,F
145,160,Marcela Eliana Acuña,F
146,161,Alicia Ashley,F
147,164,Fatuma Zarika,F
148,165,Yamileth Mercado,F
149,166,Sharon Anyos,F
150,167,Jelena Mrdjenovich,F
151,168,Melissa Hernández,F
152,170,Edith Soledad Matthysse,F
153,172,Olivia Gerula,F
154,173,Frida Wallberg,F
155,174,Diana Prazak,F
156,175,Eva Wahlström,F
157,176,Jessica Rakoczy,F
158,177,Eliza Olson,F
159,178,Ann Saccurato,F
160,182,Érica Anabella Farías,F
161,183,Delfine Persoon,F
162,184,Mary Jo Sanders,F
163,185,Anne Sophie Mathis,F
164,186,Mónica Silvina Acosta,F
165,187,Holly Holm,F
166,188,Jisselle Salandy,F
167,189,Christy Martin,F
168,190,Mia St John,F
169,191,Tiffany Junot,F
170,192,Ewa Piatkowska,F
171,193,Yvonne Reis,F
172,194,Wang Ya Nan,F
173,195,Tori Nelson,F
174,196,Laila Ali,F
175,197,Natalya Ragozina,F
176,198,Nikki Adler,F
177,199,Franchon Crews Dezurn,F
178,200,Vonda Ward,F
179,201,Martha Salazar,F
180,202,Alejandra Jiménez,F
181,203,Vaia Zaganas,F
182,204,Cho Rong Son,F
183,205,Ju Hee Kim,F
184,206,Yésica Bopp,F
185,208,Ha-Na Kim,F
186,209,Xiyan Zhang,F
187,210,Naoko Yamaguchi,F
188,211,Linda Laura Lecca,F
189,212,Maribel Ramírez,F
190,213,Clara Lescurat,F
191,214,Emanuela Pantani,F
192,215,Janeth Pérez,F
193,216,Irma García,F
194,217,Mayerlin Rivas,F
195,218,Shannon Courtenay,F
196,219,Jamie Mitchell,F
197,220,Nina Hughes,F
198,221,Lisa Brown,F
199,222,Chanttall Martínez,F
200,223,Interim,F
201,224,Liliana Palmera,F
202,225,Alys Sánchez,F
203,227,Erika Cruz,F
204,228,Gao Li Jun,F
205,229,Hwa-Won Lee,F
206,230,Hyun Mi Choi,F
207,231,Ogleidis Suárez,F
208,232,Kina Malpartida,F
209,233,Layla McCarter,F
210,234,Cecilia Comunales,F
211,236,Anahí Ester Sánchez,F
212,237,Myriam Lamare,F
213,238,Teresa Perozzi,F
214,239,Alicia Napoleon Espinosa,F
215,240,Elin Cederroos,F
216,241,Saemi Hanagata,F
217,242,Ayaka Miyao,F
218,243,Sumire Yamanaka,F
219,244,Katia Gutiérrez,F
220,245,Nancy Franco,F
221,246,Victoria Argueta,F
222,248,Joana Pastrana,F
223,249,Irma Sánchez,F
224,250,Naoko Shibata,F
225,251,Alondra García,F
226,252,Guadalupe Bautista,F
227,253,Evelyn Nazarena Bermúdez,F
228,254,[1],F
229,255,Ava Knight,F
230,256,Gabriela Bouvier,F
231,257,Leonela Paola Yúdica,F
232,258,Aracely Mucino,F
233,259,Gabriela Fundora,F
234,260,Débora Dionicius,F
235,261,Jorgelina Guanini,F
236,262,Micaela Luján,F
237,263,Carolina Rodríguez,F
238,264,María Cecilia Román,F
239,265,Ebanie Bridges,F
240,266,Ada Vélez,F
241,267,Katy Wilson Castillo,F
242,268,,F
243,269,Ellie Scotney,F
244,270,Stacey Reile,F
245,271,Dahiana Santana,F
246,272,Jennifer Han,F
247,273,Sarah Mahfoud,F
248,274,Claudia Andrea López,F
249,276,Betiana Patricia Viñas,F
250,277,Maiva Hamadouche,F
251,278,Victoria Noelia Bustos,F
252,279,Marisa Gabriela Núñez,F
253,280,Mary McGee,F
254,281,Daniella Smith,F
255,282,Noni Tenge,F
256,283,Eva Bajic,F
257,284,Paola Gabriela Casalinuovo,F
258,285,Chris Namús,F
259,286,Marie Eve Dicaire,F
260,287,Lani Daniels,F
261,288,Pinklon Thomas,M
262,289,Lionel Butler,M
263,290,Danell Nicholson,M
264,291,Jimmy Thunder,M
265,292,Brian Nielsen,M
266,293,Lennox Lewis,M
267,294,Hasim Rahman,M
268,296,Wladimir Klitschko,M
269,297,Tyson Fury,M
270,298,Anthony Joshua,M
271,299,Andy Ruiz Jr.,M
272,301,Oleksandr Usyk,M
273,302,David Izeqwire,M
274,303,Adolpho Washington,M
275,304,Ted Cofie,M
276,305,Booker T. Word,M
277,306,James Toney,M
278,307,Robert Daniels,M
279,308,Thomas Hearns,M
280,309,Uriah Grant,M
281,310,Carl Thompson,M
282,311,Ezra Sellers,M
283,312,Sebastiaan Rothmann,M
284,314,Tomasz Adamek,M
285,315,Johnathon Banks,M
286,316,Danny Green,M
287,317,Antonio Tarver,M
288,319,Ola Afolabi,M
289,320,Rakhim Chakhkiev,M
290,322,Marco Huck,M
291,323,Kevin Lerena,M
292,324,Jack Massey,M
293,325,Yves Ngabu,M
294,326,Lenny LaPaglia,M
295,327,Drake Thadzi,M
296,328,Roy Jones Jr.,M
297,329,Glen Johnson,M
298,331,Bernard Hopkins,M
299,333,Chad Dawson,M
300,334,Jean Pascal,M
301,335,Andrzej Fonfara,M
302,336,Blake Caparello,M
303,337,Thomas Oosthuizen,M
304,338,Umar Salamov,M
305,339,Igor Mikhalkin,M
306,340,Karo Murat,M
307,341,Sven Fornling,M
308,342,Dominic Boesel,M
309,343,Robin Krasniqi,M
310,345,Padraig McCrory,M
311,346,Lyndon Arthur,M
312,347,Dmitry Bivol,M
313,348,Willie Ball,M
314,349,Todd Nadon,M
315,350,Vinny Pazienza,M
316,351,Rick Thornberry,M
317,352,Karl Willis,M
318,353,Eddie White,M
319,354,Mads Larsen,M
320,355,Dana Rosenblatt,M
321,356,Adrian Dodson,M
322,357,Ramon Arturo Brítez,M
323,358,Brian Magee,M
324,359,Robin Reid,M
325,360,Jeff Lacy,M
326,361,Fulgencio Zúñiga,M
327,362,Sakio Bika,M
328,363,Isaac Chilemba,M
329,364,Donovan George,M
330,365,Zac Dunn,M
331,366,Renold Quinlan,M
332,367,Chris Eubank Jr.,M
333,368,Carlos Góngora,M
334,369,Lerrone Richards,M
335,370,Osleys Iglesias,M
336,371,Glenwood Brown,M
337,372,Freeman Barr,M
338,373,Mpush Makambi,M
339,374,Raymond Joval,M
340,376,Daniel Geale,M
341,377,Anthony Mundine,M
342,378,Peter Manfredo Jr.,M
343,379,Avtandil Khurtsidze,M
344,380,Gennady Golovkin,M
345,382,Etinosa Oliha,M
346,383,Lonnie Beasley,M
347,384,Lester Ellis,M
348,385,Patrick Goossen,M
349,386,Manny Sobral,M
350,387,Adrian Stone,M
351,388,Richard Williams,M
352,389,Sergio Martínez,M
353,390,Mihály Kótai,M
354,391,Steve Conway,M
355,392,Attila Kovács,M
356,393,Zaurbek Baysangurov,M
357,395,Erislandy Lara,M
358,396,Jarrett Hurd,M
359,397,Julian Williams,M
360,398,Jeison Rosario,M
361,399,Sam Eggington,M
362,400,Dennis Hogan,M
363,401,JJ Metcalf,M
364,402,Kenny Gould,M
365,403,Johnny Bizzarro,M
366,404,Roger Mayweather,M
367,405,Kip Diggs,M
368,406,Kevin Lueshing,M
369,407,José Antonio Rivera,M
370,408,Dingaan Thobela,M
371,409,Peter Malinga,M
372,410,Willy Wise,M
373,411,Jawaid Khaliq,M
374,412,Floyd Mayweather Jr.,M
375,413,Isaac Hlatshwayo,M
376,414,Lovemore Ndou,M
377,415,Chris van Heerden,M
378,416,Ali Funeka,M
379,417,Tsiko Mulovhedzi,M
380,418,Thulani Mbenge,M
381,419,Sebastian Formella,M
382,420,Daniyar Yeleussinov,M
383,421,Mike Evgen,M
384,422,Mike Johnson,M
385,423,Mario Martínez,M
386,424,Darrell Hiles,M
387,425,Verdell Smith,M
388,426,Johar Abu Lashin,M
389,427,Israel Cardona,M
390,428,Ener Julio,M
391,429,Newton Villarreal,M
392,430,Billy Schwer,M
393,431,Pablo Daniel Sarmiento,M
394,432,Colin Lynes,M
395,433,Stevie Johnston,M
396,434,Ricky Hatton,M
397,435,Manny Pacquiao,M
398,436,Kaizer Mabuza,M
399,437,Khabib Allakhverdiev,M
400,438,Eduard Troyanovsky,M
401,439,Julius Indongo,M
402,440,Mohamed Mimoune,M
403,441,Jeremias Ponce,M
404,442,Zhankosh Turarov,M
405,443,Anthony Boyle,M
406,444,Amado Cabato,M
407,445,Billy Irwin,M
408,446,Leavander Johnson,M
409,447,Tony Pep,M
410,448,Michael Ayers,M
411,449,Jason Cook,M
412,450,Aldo Nazareno Ríos,M
413,451,Juan Díaz,M
414,452,Mlungisi Dlamini,M
415,453,Leonardo Zappavigna,M
416,454,Emiliano Marsili,M
417,455,Daud Yordan,M
418,456,Xolisani Ndongeni,M
419,457,Emmanuel Tagoe,M
420,458,Jovanni Straffon,M
421,459,Maxi Hughes,M
422,460,George Kambosos Jr,M
423,461,John Roby,M
424,462,Jeff Mayweather,M
425,463,Jimmi Bredahl,M
426,465,Troy Dorsey,M
427,466,Charles Shepherd,M
428,467,Affif Djelti,M
429,468,Cassius Baloyi,M
430,469,Gairy St Clair,M
431,471,Billy Dib,M
432,472,Zolani Marali,M
433,473,Kim Ji-hoon,M
434,474,Will Tomlinson,M
435,475,José Pedraza,M
436,476,Jack Asis,M
437,477,Malcolm Klassen,M
438,478,Shavkat Rakhimov,M
439,479,Michael Magnesi,M
440,480,Anthony Cacace,M
441,481,Derrick Gainer,M
442,482,Radford Beasley,M
443,483,Junior Jones,M
444,484,Marco Antonio Barrera,M
445,485,Naseem Hamed,M
446,486,Michael Brodie,M
447,487,Vuyani Bungu,M
448,488,Thomas Mashaba,M
449,489,Cristóbal Cruz,M
450,490,Fernando Beltrán Jr.,M
451,491,Jackson Asiku,M
452,492,Jhonny González,M
453,493,Simpiwe Vetyeka,M
454,494,Lusanda Komanisi,M
455,495,Claudio Marrero,M
456,496,Tugstsogt Nyambayar,M
457,497,Jazza Dickens,M
458,498,Hector Andres Sosa,M
459,499,John Lowey,M
460,500,Serhiy Divakov,M
461,501,Patrick Mullings,M
462,502,Simon Ramoni,M
463,503,Paulie Ayala,M
464,504,Takalani Ndlovu,M
465,505,Mike Oliver,M
466,506,Tshifhiwa Munyai,M
467,507,Alexander Bakhtin,M
468,508,Thabo Sonjica,M
469,509,Paulus Ambunda,M
470,510,Moises Flores,M
471,511,Stephen Fulton,M
472,512,Ludumo Lamati,M
473,513,Eric Robles Ayala,M
474,514,Johnny Bredahl,M
475,515,Noel Wilders,M
476,516,José Sanjuanelo,M
477,517,Silence Mabuza,M
478,518,Rafael Márquez,M
479,520,Vic Darchinyan,M
480,522,Joseph Agbeko,M
481,523,Juan Carlos Payano,M
482,524,Rau'shee Warren,M
483,525,Michael Dasmariñas,M
484,526,Michell Banquez,M
485,527,Prince Patel,M
486,528,Ángel Almena,M
487,529,Ilido Julio,M
488,530,Edison Torres,M
489,531,Mauricio Pastrana,M
490,532,Lunga Ntontela,M
491,533,Jason Booth,M
492,534,Damaen Kelly,M
493,535,Mbwana Matumla,M
494,536,Zolile Mbityi,M
495,537,Gideon Buthelezi,M
496,538,Edrin Dapudong,M
497,539,Lwandile Sityatha,M
498,541,Scotty Olson,M
499,542,Masibulele Makepula,M
500,543,Mzukisi Sikali,M
501,544,Nonito Donaire,M
502,545,César Seda,M
503,546,Moruti Mthalane,M
504,547,Maximino Flores,M
505,548,Dave Apolinario,M
506,549,José García Bernal,M
507,550,Monelisi Mhikiza Myekeni,M
508,551,Hekkie Budler,M
509,552,Rey Loreto,M
510,554,Tibo Monabesa,M
511,555,Noel Tuñacao,M
512,556,Nkosinathi Joyi,M
513,557,Simphiwe Khonco,M
514,559,Ayanda Ndulani,M
515,560,Larry Holmes,M
516,561,Michael Spinks,M
517,562,Tony Tucker,M
518,563,Mike Tyson,M
519,564,Buster Douglas,M
520,565,Evander Holyfield,M
521,566,Riddick Bowe,M
522,568,Michael Moorer,M
523,569,George Foreman,M
524,570,Axel Schulz,M
525,572,Chris Byrd,M
526,573,Charles Martin,M
527,574,Marvin Camel,M
528,575,Lee Roy Murphy,M
529,576,Rickey Parkey,M
530,577,Glenn McCrory,M
531,578,Jeff Lampkin,M
532,579,James Warring,M
533,580,Al Cole,M
534,581,Imamu Mayfield,M
535,582,Arthur Williams,M
536,583,Vassiliy Jirov,M
537,584,Kelvin Davis,M
538,585,O'Neil Bell,M
539,586,Krzysztof Włodarczyk,M
540,587,Steve Cunningham,M
541,588,Troy Ross,M
542,589,Yoan Pablo Hernández,M
543,590,Victor Emilio Ramírez,M
544,591,Denis Lebedev,M
545,592,Murat Gassiev,M
546,593,Yuniel Dorticos,M
547,594,Mairis Briedis,M
548,595,Jai Opetaia,M
549,596,Slobodan Kačar,M
550,597,Bobby Czyz,M
551,598,Charles Williams,M
552,599,Henry Maske,M
553,600,Virgil Hill,M
554,601,Dariusz Michalczewski,M
555,602,William Guthrie,M
556,603,Reggie Johnson,M
557,604,Clinton Woods,M
558,605,Tavoris Cloud,M
559,606,Sergey Kovalev,M
560,607,Andre Ward,M
561,608,Artur Beterbiev,M
562,609,Murray Sutherland,M
563,610,Park Chong-pal,M
564,611,Graciano Rocchigiani,M
565,612,Lindell Holmes,M
566,613,Darrin Van Horn,M
567,614,Iran Barkley,M
568,615,Charles Brewer,M
569,616,Sven Ottke,M
570,617,Joe Calzaghe,M
571,618,Alejandro Berrio,M
572,619,Lucian Bute,M
573,620,Carl Froch,M
574,621,James DeGale,M
575,622,Caleb Truax,M
576,624,José Uzcátegui,M
577,625,Caleb Plant,M
578,626,Canelo Álvarez,M
579,627,Marvin Hagler,M
580,628,Frank Tate,M
581,629,Michael Nunn,M
582,630,Jermain Taylor,M
583,631,Arthur Abraham,M
584,632,Sebastian Sylvester,M
585,633,Darren Barker,M
586,634,Felix Sturm,M
587,635,Sam Soliman,M
588,637,David Lemieux,M
589,638,Daniel Jacobs,M
590,639,Sergiy Derevyanchenko,M
591,640,Vincenzo Gualtieri,M
592,641,Janibek Alimkhanuly,M
593,642,Mark Medal,M
594,643,Carlos Santos,M
595,644,Buster Drayton,M
596,645,Matthew Hilton,M
597,646,Robert Hines,M
598,647,Gianfranco Rosi,M
599,648,Vincent Pettway,M
600,649,Paul Vaden,M
601,650,Terry Norris,M
602,651,Raúl Márquez,M
603,652,Luis Ramón Campas,M
604,653,Fernando Vargas,M
605,654,Félix Trinidad,M
606,655,Winky Wright,M
607,656,Verno Phillips,M
608,657,Kassim Ouma,M
609,658,Roman Karmazin,M
610,659,Cory Spinks,M
611,661,Deandre Latimore,M
612,662,Cornelius Bundrage,M
613,663,Ishe Smith,M
614,664,Carlos Molina,M
615,666,Jermall Charlo,M
616,667,Jermell Charlo,M
617,668,Donald Curry,M
618,669,Lloyd Honeyghan,M
619,670,Simon Brown,M
620,671,Maurice Blocker,M
621,672,Vernon Forrest,M
622,673,Michele Piccirillo,M
623,674,Zab Judah,M
624,675,Kermit Cintrón,M
625,676,Antonio Margarito,M
626,677,Joshua Clottey,M
627,678,Jan Zaveck,M
628,679,Andre Berto,M
629,680,Randall Bailey,M
630,681,Devon Alexander,M
631,682,Shawn Porter,M
632,683,Kell Brook,M
633,684,Errol Spence Jr.,M
634,685,Terence Crawford,M
635,686,Jaron Ennis,M
636,687,Aaron Pryor,M
637,688,Gary Hinton,M
638,689,Joe Manley,M
639,690,Terry Marsh,M
640,691,Buddy McGirt,M
641,692,Meldrick Taylor,M
642,693,Julio César Chávez,M
643,694,Rafael Pineda,M
644,695,Pernell Whitaker,M
645,696,Charles Murray,M
646,697,Jake Rodríguez,M
647,698,Kostya Tszyu,M
648,699,Vince Phillips,M
649,700,Terron Millett,M
650,702,Juan Urango,M
651,704,Lovemore N'dou,M
652,705,Paulie Malignaggi,M
653,706,Herman Ngoudjo,M
654,707,Amir Khan,M
655,708,Lamont Peterson,M
656,709,César Cuenca,M
657,710,Sergey Lipinets,M
658,711,Mikey Garcia,M
659,712,Ivan Baranchyk,M
660,713,Josh Taylor,M
661,714,Subriel Matías,M
662,715,Charlie Brown,M
663,716,Harry Arroyo,M
664,717,Jimmy Paul,M
665,718,Greg Haugen,M
666,719,Vinny Paz,M
667,721,Freddie Pendleton,M
668,722,Rafael Ruelas,M
669,723,Oscar De La Hoya,M
670,724,Philip Holiday,M
671,725,Shane Mosley,M
672,726,Paul Spadafora,M
673,727,Javier Jáuregui,M
674,728,Julio Díaz,M
675,729,Jesús Chávez,M
676,731,Nate Campbell,M
677,732,Miguel Vázquez,M
678,733,Mickey Bey,M
679,734,Rances Barthelemy,M
680,735,Robert Easter Jr.,M
681,736,Richard Commey,M
682,737,Teófimo López,M
683,738,Devin Haney,M
684,739,Yuh Hwan-kil,M
685,740,Barry Michael,M
686,741,Rocky Lockridge,M
687,742,Tony Lopez,M
688,743,John John Molina,M
689,745,Brian Mitchell,M
690,747,Eddie Hopson,M
691,748,Tracy Harris Patterson,M
692,749,Arturo Gatti,M
693,750,Robert Garcia,M
694,751,Diego Corrales,M
695,752,Steve Forbes,M
696,753,Carlos Hernández,M
697,754,Erik Morales,M
698,755,Robbie Peden,M
699,756,Gairy St. Clair,M
700,757,Mzonke Fana,M
701,759,Robert Guerrero,M
702,760,Juan Carlos Salgado,M
703,761,Argenis Mendez,M
704,762,Gervonta Davis,M
705,763,Tevin Farmer,M
706,764,Joseph Diaz,M
707,765,Kenichi Ogawa,M
708,766,Joe Cordina,M
709,768,Oh Min-keun,M
710,769,Chung Ki-young,M
711,770,Antonio Rivera,M
712,771,Calvin Grove,M
713,772,Jorge Páez,M
714,773,Manuel Medina,M
715,774,Tom Johnson,M
716,775,Héctor Lizárraga,M
717,777,Paul Ingle,M
718,778,Mbulelo Botile,M
719,779,Frank Toledo,M
720,781,Johnny Tapia,M
721,782,Juan Manuel Márquez,M
722,783,Valdemir Pereira,M
723,784,Eric Aiken,M
724,786,Orlando Salido,M
725,787,Yuriorkis Gamboa,M
726,788,Evgeny Gradovich,M
727,789,Lee Selby,M
728,790,Josh Warrington,M
729,791,Kid Galahad,M
730,792,Kiko Martínez,M
731,794,Luis Alberto Lopez,M
732,795,Bobby Berna,M
733,796,Suh Sung-in,M
734,797,Kim Ji-won,M
735,798,Lee Seung-hoon,M
736,799,José Sanabria,M
737,800,Fabrice Benichou,M
738,801,Welcome Ncita,M
739,802,Kennedy McKinney,M
740,803,Lehlo Ledwaba,M
741,804,Israel Vázquez,M
742,805,Steve Molitor,M
743,806,Celestino Caballero,M
744,807,Jeffrey Mathebula,M
745,808,Jonatan Romero,M
746,809,Carl Frampton,M
747,810,Jonathan Guzmán,M
748,811,Yukinori Oguni,M
749,812,Ryosuke Iwasa,M
750,813,TJ Doheny,M
751,814,Daniel Roman,M
752,815,Murodjon Akhmadaliev,M
753,816,Marlon Tapales,M
754,817,Naoya Inoue,M
755,818,Satoshi Shingaki,M
756,819,Jeff Fenech,M
757,820,Kelvin Seabrooks,M
758,821,Orlando Canizales,M
759,822,Harold Mestre,M
760,823,Tim Austin,M
761,824,Luis Alberto Pérez,M
762,825,Yonnhy Pérez,M
763,827,Abner Mares,M
764,828,Léo Santa Cruz,M
765,829,Jamie McDonnell,M
766,830,Stuart Hall,M
767,831,Paul Butler,M
768,832,Randy Caballero,M
769,833,Lee Haskins,M
770,834,Ryan Burnett,M
771,835,Emmanuel Rodríguez,M
772,837,Chun Ju-do,M
773,838,Ellyas Pical,M
774,839,Cesar Polanco,M
775,841,Chang Tae-il,M
776,843,Juan Polo Pérez,M
777,844,Robert Quiroga,M
778,845,Julio César Borboa,M
779,846,Harold Grey,M
780,847,Carlos Gabriel Salazar,M
781,849,Danny Romero,M
782,850,Mark Johnson,M
783,851,Félix Machado,M
784,852,Dimitri Kirilov,M
785,853,Simphiwe Nongqayi,M
786,854,Juan Alberto Rosas,M
787,855,Cristian Mijares,M
788,856,Rodrigo Guerrero,M
789,857,Juan Carlos Sánchez Jr.,M
790,858,Daiki Kameda,M
791,859,Zolani Tete,M
792,860,McJoe Arroyo,M
793,861,Jerwin Ancajas,M
794,862,Fernando Martínez,M
795,863,Kwon Soon-chun,M
796,864,Chung Jong-kwan,M
797,865,Jung Bi-won,M
798,866,Shin Hi-sup,M
799,867,Dodie Boy Peñalosa,M
800,868,Choi Chang-ho,M
801,869,Rolando Bohol,M
802,870,Duke McKenzie,M
803,871,Dave McAuley,M
804,872,Rodolfo Blanco,M
805,873,Pichit Sitbangprachan,M
806,874,Francisco Tejedor,M
807,875,Irene Pacheco,M
808,876,Amnat Ruenroeng,M
809,877,John Riel Casimero,M
810,878,Donnie Nietes,M
811,879,Muhammad Waseem,M
812,880,Sunny Edwards,M
813,881,Jesse Rodriguez,M
814,882,Choi Jum-hwan,M
815,883,Tacy Macalos,M
816,884,Muangchai Kittikasem,M
817,885,Michael Carbajal,M
818,886,Humberto González,M
819,887,Saman Sorjaturong,M
820,888,Melchor Cob Castro,M
821,890,Will Grigsby,M
822,891,Ricardo López,M
823,892,Víctor Burgos,M
824,894,Ulises Solís,M
825,895,Brian Viloria,M
826,896,Carlos Tamara,M
827,897,Luis Alberto Lazarte,M
828,899,Javier Mendoza,M
829,900,Akira Yaegashi,M
830,901,Milan Melindo,M
831,902,Ryoichi Taguchi,M
832,903,Felix Alvarado,M
833,904,Sivenathi Nontshinga,M
834,905,Adrian Curiel,M
835,907,Kyung-Yung Lee,M
836,908,Samuth Sithnaruepol,M
837,909,Nico Thomas,M
838,910,Eric Chavez,M
839,911,Fahlan Sakkreerin,M
840,912,Manny Melchor,M
841,913,Ratanapol Sor Vorapin,M
842,915,Zolani Petelo,M
843,916,Roberto Carlos Leyva,M
844,917,Miguel Barrera,M
845,918,Edgar Cárdenas,M
846,919,Daniel Reyes,M
847,920,Muhammad Rachman,M
848,921,Florante Condes,M
849,922,Raúl García,M
850,923,Mario Rodríguez,M
851,924,Katsunari Takayama,M
852,925,Francisco Rodríguez Jr.,M
853,927,José Argumedo,M
854,928,Hiroto Kyoguchi,M
855,929,Carlos Licona,M
856,930,Deejay Kriel,M
857,931,Pedro Taduran,M
858,932,Rene Mark Cuarto,M
859,933,Daniel Valladares,M
860,934,Ginjiro Shigeoka,M
861,935,Jack Dempsey,M
862,936,Jack Sharkey,M
863,937,Primo Carnera,M
864,938,Max Baer,M
865,939,James J. Braddock,M
866,940,Joe Louis,M
867,941,Ezzard Charles,M
868,942,Jersey Joe Walcott,M
869,943,Rocky Marciano,M
870,944,Floyd Patterson,M
871,945,Ingemar Johansson,M
872,947,Sonny Liston,M
873,948,Muhammad Ali,M
874,949,Joe Frazier,M
875,951,Leon Spinks,M
876,953,Vitali Klitschko,M
877,954,Deontay Wilder,M
878,955,Carlos de León,M
879,956,Alfonzo Ratliff,M
880,957,Bernard Benton,M
881,959,Jean-Marc Mormeck,M
882,961,David Haye,M
883,962,Mike McTigue,M
884,963,Paul Berlenbach,M
885,964,Jack Delaney,M
886,965,Tommy Loughran,M
887,966,Maxie Rosenbloom,M
888,967,Bob Olin,M
889,968,John Henry Lewis,M
890,969,Billy Conn,M
891,970,Gus Lesnevich,M
892,971,Freddie Mills,M
893,972,Joey Maxim,M
894,973,Archie Moore,M
895,974,Harold Johnson,M
896,975,Willie Pastrano,M
897,976,José Torres,M
898,977,Dick Tiger,M
899,978,Bob Foster,M
900,979,Matthew Saad Muhammad,M
901,980,Dwight Muhammad Qawi,M
902,982,Adonis Stevenson,M
903,983,Callum Smith,M
904,984,Harry Greb,M
905,985,Tiger Flowers,M
906,986,Mickey Walker,M
907,987,Marcel Thil,M
908,988,Freddie Steele,M
909,989,Tony Zale,M
910,990,Rocky Graziano,M
911,992,Marcel Cerdan,M
912,993,Jake LaMotta,M
913,994,Sugar Ray Robinson,M
914,995,Randy Turpin,M
915,997,Carl Olson,M
916,999,Gene Fullmer,M
917,1001,Carmen Basilio,M
918,1003,Paul Pender,M
919,1004,Terry Downes,M
920,1006,Joey Giardello,M
921,1008,Emile Griffith,M
922,1009,Nino Benvenuti,M
923,1012,Carlos Monzón,M
924,1013,Rodrigo Valdez,M
925,1014,Hugo Corro,M
926,1015,Vito Antuofermo,M
927,1016,Alan Minter,M
928,1017,Sugar Ray Leonard,M
929,1018,Sumbu Kalambay,M
930,1019,Kelly Pavlik,M
931,1020,Miguel Cotto,M
932,1021,Oscar Albarado,M
933,1022,Koichi Wajima,M
934,1023,Yuh Jae-Doo,M
935,1025,José Durán,M
936,1026,Miguel Angel Castellini,M
937,1027,Eddie Gazo,M
938,1028,Masashi Kudo,M
939,1029,Ayub Kalule,M
940,1030,Pete Latzo,M
941,1031,Joe Dundee,M
942,1032,Jackie Fields,M
943,1033,Jack Thompson,M
944,1034,Tommy Freeman,M
945,1036,Lou Brouillard,M
946,1038,Young Corbett III,M
947,1039,Jimmy McLarnin,M
948,1040,Barney Ross,M
949,1043,Henry Armstrong,M
950,1044,Fritzie Zivic,M
951,1045,Freddie Cochrane,M
952,1046,Marty Servo,M
953,1047,Kid Gavilán,M
954,1048,Johnny Saxton,M
955,1049,Tony DeMarco,M
956,1052,Virgil Akins,M
957,1053,Don Jordan,M
958,1054,Benny Paret,M
959,1056,Luis Manuel Rodríguez,M
960,1058,Curtis Cokes,M
961,1059,José Nápoles,M
962,1060,Billy Backus,M
963,1062,John Stracey,M
964,1063,Carlos Palomino,M
965,1064,Wilfred Benítez,M
966,1065,Roberto Durán,M
967,1067,Jorge Vaca,M
968,1069,Marlon Starling,M
969,1070,Ricardo Mayorga,M
970,1071,Carlos Baldomir,M
971,1072,Mushy Callahan,M
972,1073,Jack Berg,M
973,1074,Duilio Loi,M
974,1075,Eddie Perkins,M
975,1076,Sandro Lopopolo,M
976,1077,Takeshi Fuji,M
977,1078,Nicolino Locche,M
978,1079,Alfonso Frazer,M
979,1080,Antonio Cervantes,M
980,1081,Miguel Montilla,M
981,1082,Danny Garcia,M
982,1083,Teofimo Lopez,M
983,1084,Benny Leonard,M
984,1085,Jimmy Goodrich,M
985,1086,Rocky Kansas,M
986,1087,Sammy Mandell,M
987,1088,Al Singer,M
988,1089,Tony Canzoneri,M
989,1090,Lou Ambers,M
990,1092,Lew Jenkins,M
991,1093,Sammy Angott,M
992,1094,Ike Williams,M
993,1095,Jimmy Carter,M
994,1096,Lauro Salas,M
995,1098,Paddy DeMarco,M
996,1100,Wallace Smith,M
997,1101,Joe Brown,M
998,1102,Carlos Ortiz,M
999,1103,Ismael Laguna,M
1000,1105,Carlos Cruz,M
1001,1106,Mando Ramos,M
1002,1108,Ken Buchanan,M
1003,1109,Jim Watt,M
1004,1110,Alexis Argüello,M
1005,1111,José Luis Castillo,M
1006,1112,Joel Casamayor,M
1007,1113,Jorge Linares,M
1008,1114,Vasiliy Lomachenko,M
1009,1115,George Kambosos Jr.,M
1010,1116,Steve Sullivan,M
1011,1117,Mike Ballerino,M
1012,1118,Tod Morgan,M
1013,1119,Benny Bass,M
1014,1120,Kid Chocolate,M
1015,1121,Flash Elorde,M
1016,1122,Yoshiaki Numata,M
1017,1123,Hiroshi Kobayashi,M
1018,1124,Alfredo Marcano,M
1019,1125,Ben Villaflor,M
1020,1126,Kuniaki Shibata,M
1021,1128,Samuel Serrano,M
1022,1129,Yasutsune Uehara,M
1023,1131,Wilfredo Gómez,M
1024,1132,Alfredo Layne,M
1025,1133,Shakur Stevenson,M
1026,1134,Louis Kid Kaplan,M
1027,1135,André Routis,M
1028,1136,Christopher Battalino,M
1029,1137,Freddie Miller,M
1030,1138,Petey Sarron,M
1031,1139,Joey Archibald,M
1032,1140,Harry Jeffra,M
1033,1142,Chalky Wright,M
1034,1143,Willie Pep,M
1035,1144,Sandy Saddler,M
1036,1147,Hogan Bassey,M
1037,1148,Davey Moore,M
1038,1149,Sugar Ramos,M
1039,1150,Vicente Saldívar,M
1040,1151,Johnny Famechon,M
1041,1153,Clemente Sánchez,M
1042,1154,Danny Lopez,M
1043,1155,Salvador Sánchez,M
1044,1156,Eusebio Pedroza,M
1045,1157,Barry McGuigan,M
1046,1158,Steve Cruz,M
1047,1159,Antonio Esparragoza,M
1048,1161,Guillermo Rigondeaux,M
1049,1162,Eddie Martin,M
1050,1163,Charlie Phil Rosenberg,M
1051,1164,Panama Al Brown,M
1052,1165,Baltasar Sangchili,M
1053,1166,Tony Marino,M
1054,1167,Sixto Escobar,M
1055,1169,Lou Salica,M
1056,1170,Manuel Ortiz,M
1057,1171,Harold Dade,M
1058,1173,Vic Toweel,M
1059,1174,Jimmy Carruthers,M
1060,1175,Robert Cohen,M
1061,1176,Mario D'Agata,M
1062,1177,Alphonse Halimi,M
1063,1178,José Becerra,M
1064,1179,Éder Jofre,M
1065,1180,Fighting Harada,M
1066,1181,Lionel Rose,M
1067,1182,Rubén Olivares,M
1068,1183,Chucho Castillo,M
1069,1185,Rafael Herrera,M
1070,1186,Enrique Pinder,M
1071,1187,Romeo Anaya,M
1072,1188,Arnold Taylor,M
1073,1189,Hong Soo-Hwan,M
1074,1190,Alfonso Zamora,M
1075,1191,Jorge Luján,M
1076,1192,Julian Solís,M
1077,1193,Jeff Chandler,M
1078,1194,Richie Sandoval,M
1079,1195,Gaby Canizales,M
1080,1196,Bernardo Piñango,M
1081,1197,Shinsuke Yamanaka,M
1082,1198,Luis Nery,M
1083,1200,Srisaket Sor Rungvisai,M
1084,1201,Juan Francisco Estrada,M
1085,1202,Pancho Villa,M
1086,1203,Fidel LaBarba,M
1087,1204,Benny Lynch,M
1088,1205,Peter Kane,M
1089,1206,Jackie Paterson,M
1090,1207,Rinty Monaghan,M
1091,1208,Terry Allen,M
1092,1209,Dado Marino,M
1093,1210,Yoshio Shirai,M
1094,1211,Pascual Perez,M
1095,1212,Pone Kingpetch,M
1096,1214,Hiroyuki Ebihara,M
1097,1216,Salvatore Burruni,M
1098,1217,Walter McGowan,M
1099,1218,Chartchai Chionoi,M
1100,1219,Efren Torres,M
1101,1221,Erbito Salavarria,M
1102,1222,Venice Borkhorsor,M
1103,1223,Miguel Canto,M
1104,1224,Park Chan-Hee,M
1105,1225,Shoji Oguma,M
1106,1226,Antonio Avelar,M
1107,1227,Prudencio Cardona,M
1108,1228,Freddy Castillo,M
1109,1229,Eleoncio Mercedes,M
1110,1230,Charlie Magri,M
1111,1231,Frank Cedeno,M
1112,1232,Kōji Kobayashi,M
1113,1233,Gabriel Bernal,M
1114,1234,Sot Chitalada,M
1115,1235,Kim Yong-Kang,M
1116,1236,Pongsaklek Wonjongkam,M
1117,1237,Sonny Boy Jaro,M
1118,1238,Toshiyuki Igarashi,M
1119,1239,Román González,M
1120,1240,Rosendo Álvarez,M
1121,1241,Hugo Cázares,M
1122,1242,Iván Calderón,M
1123,1243,Giovani Segura,M
1124,1244,Kenshiro Teraji,M
1125,1245,Francesco Damiani,M
1126,1246,Ray Mercer,M
1127,1247,Tommy Morrison,M
1128,1248,Michael Bentt,M
1129,1249,Herbie Hide,M
1130,1250,Henry Akinwande,M
1131,1252,Corrie Sanders,M
1132,1253,Lamon Brewster,M
1133,1254,Siarhei Liakhovich,M
1134,1255,Shannon Briggs,M
1135,1256,Sultan Ibragimov,M
1136,1258,Joseph Parker,M
1137,1259,Boone Pultz,M
1138,1260,Magne Havnå,M
1139,1261,Tyrone Booze,M
1140,1262,Markus Bott,M
1141,1263,Nestor Hipolito Giovannini,M
1142,1264,Ralf Rocchigiani,M
1143,1265,Johnny Nelson,M
1144,1266,Enzo Maccarinelli,M
1145,1267,Krzysztof Głowacki,M
1146,1269,Lawrence Okolie,M
1147,1270,Chris Billam-Smith,M
1148,1271,Leeonzer Barber,M
1149,1272,Julio César González,M
1150,1273,Zsolt Erdei,M
1151,1274,Jürgen Brähmer,M
1152,1275,Nathan Cleverly,M
1153,1276,Vyacheslav Shabranskyy,M
1154,1277,Eleider Álvarez,M
1155,1279,Joe Smith Jr.,M
1156,1280,Chris Eubank,M
1157,1281,Steve Collins,M
1158,1282,Denis Inkin,M
1159,1283,Károly Balzsay,M
1160,1284,Robert Stieglitz,M
1161,1287,Gilberto Ramírez,M
1162,1288,Billy Joe Saunders,M
1163,1289,Doug DeWitt,M
1164,1290,Nigel Benn,M
1165,1291,Gerald McClellan,M
1166,1292,Chris Pyatt,M
1167,1293,Lonnie Bradley,M
1168,1294,Otis Grant,M
1169,1295,Bert Schenk,M
1170,1296,Jason Matthews,M
1171,1297,Armand Krajnc,M
1172,1298,Harry Simon,M
1173,1299,Héctor Velazco,M
1174,1300,Dmitry Pirog,M
1175,1301,Hassan N'Dam N'Jikam,M
1176,1302,Peter Quillin,M
1177,1303,Andy Lee,M
1178,1304,Demetrius Andrade,M
1179,1305,John David Jackson,M
1180,1306,Paul Jones,M
1181,1307,Bronco McKart,M
1182,1308,Daniel Santos,M
1183,1309,Serhiy Dzyndzyruk,M
1184,1310,Liam Smith,M
1185,1311,Sadam Ali,M
1186,1312,Jaime Munguía,M
1187,1313,Patrick Teixeira,M
1188,1314,Brian Castaño,M
1189,1315,Tim Tszyu,M
1190,1316,Genaro León,M
1191,1317,Manning Galloway,M
1192,1318,Gert Bo Jacobsen,M
1193,1319,Eamonn Loughran,M
1194,1320,José Luis López,M
1195,1321,Mihai Leu,M
1196,1322,Akhmed Kotiev,M
1197,1323,Paul Williams,M
1198,1324,Carlos Quintana,M
1199,1326,Timothy Bradley,M
1200,1329,Jessie Vargas,M
1201,1331,Jeff Horn,M
1202,1332,Héctor Camacho,M
1203,1334,Carlos González,M
1204,1335,Zack Padilla,M
1205,1336,Sammy Fuentes,M
1206,1337,Giovanni Parisi,M
1207,1339,DeMarcus Corley,M
1208,1340,Ricardo Torres,M
1209,1341,Kendall Holt,M
1210,1342,Mike Alvarado,M
1211,1343,Ruslan Provodnikov,M
1212,1344,Chris Algieri,M
1213,1345,Maurice Hooker,M
1214,1346,José Ramírez,M
1215,1347,Mauricio Aceves,M
1216,1348,Artur Grigorian,M
1217,1349,Acelino Freitas,M
1218,1350,Zahir Raheem,M
1219,1351,Ricky Burns,M
1220,1352,Terry Flanagan,M
1221,1353,Ray Beltrán,M
1222,1354,Kamel Bou Ali,M
1223,1355,Daniel Londas,M
1224,1356,Regilio Tuur,M
1225,1357,Barry Jones,M
1226,1358,Anatoly Alexandrov,M
1227,1359,Mike Anchondo,M
1228,1360,Jorge Rodrigo Barrios,M
1229,1361,Joan Guzmán,M
1230,1362,Alex Arthur,M
1231,1363,Nicky Cook,M
1232,1364,Román Martínez,M
1233,1365,Adrien Broner,M
1234,1366,Miguel Beltrán Jr.,M
1235,1368,Masayuki Ito,M
1236,1369,Jamel Herring,M
1237,1370,Emanuel Navarrete,M
1238,1371,Maurizio Stecca,M
1239,1372,Louie Espinoza,M
1240,1374,Colin McMillan,M
1241,1375,Rubén Darío Palacio,M
1242,1376,Steve Robinson,M
1243,1377,István Kovács,M
1244,1378,Pablo Chacón,M
1245,1379,Scott Harrison,M
1246,1381,Steven Luevano,M
1247,1382,Juan Manuel López,M
1248,1383,Orlando Cruz,M
1249,1384,Óscar Valdez,M
1250,1385,Robeisy Ramírez,M
1251,1386,Rafael Espinoza,M
1252,1387,Kenny Mitchell,M
1253,1388,Valerio Nati,M
1254,1389,Orlando Fernandez,M
1255,1390,Jesse Benavides,M
1256,1391,Daniel Jiménez,M
1257,1392,Richie Wenton,M
1258,1394,Agapito Sánchez,M
1259,1395,Daniel Ponce de León,M
1260,1396,Wilfredo Vázquez Jr.,M
1261,1397,Jorge Arce,M
1262,1399,Jessie Magdaleno,M
1263,1400,Isaac Dogboe,M
1264,1401,Angelo Leo,M
1265,1402,Israel Contreras,M
1266,1403,Rafael del Valle,M
1267,1404,Alfred Kotey,M
1268,1405,Robbie Regan,M
1269,1406,Jorge Eliécer Julio,M
1270,1407,Mauricio Martínez,M
1271,1408,Cruz Carbajal,M
1272,1409,Ratanachai Sor Vorapin,M
1273,1410,Gerry Peñalosa,M
1274,1411,Fernando Montiel,M
1275,1412,Pungluang Sor Singyu,M
1276,1413,Tomoki Kameda,M
1277,1415,Jason Moloney,M
1278,1416,José Ruíz Matos,M
1279,1417,José Quirino,M
1280,1418,Victor Godoi,M
1281,1419,Diego Morales,M
1282,1420,Adonis Rivas,M
1283,1421,Pedro Alcázar,M
1284,1422,Iván Hernández,M
1285,1424,José López,M
1286,1425,Marvin Sonsona,M
1287,1426,Omar Narváez,M
1288,1427,Kazuto Ioka,M
1289,1428,Junto Nakatani,M
1290,1429,Kosei Tanaka,M
1291,1430,Elvis Álvarez,M
1292,1431,Isidro Pérez,M
1293,1432,Pat Clinton,M
1294,1433,Jacob Matlala,M
1295,1434,Alberto Jiménez,M
1296,1435,Rubén Sánchez León,M
1297,1436,José Antonio López Bueno,M
1298,1437,Isidro García,M
1299,1438,Julio César Miranda,M
1300,1439,Zou Shiming,M
1301,1440,Sho Kimura,M
1302,1441,José de Jesús,M
1303,1442,Josué Camacho,M
1304,1443,Paul Weir,M
1305,1444,Jesús Chong,M
1306,1445,Juan Domingo Córdoba,M
1307,1447,Nelson Dieppa,M
1308,1448,Jesús Géles,M
1309,1449,Ramón García Hirales,M
1310,1450,Ángel Acosta,M
1311,1451,Elwin Soto,M
1312,1452,Jonathan González,M
1313,1453,Rafael Torres,M
1314,1454,Alex Sánchez,M
1315,1455,Eric Jamili,M
1316,1456,Kermin Guardia,M
1317,1457,Jorge Mata,M
1318,1458,Eduardo Ray Márquez,M
1319,1459,Moisés Fuentes,M
1320,1460,Merlito Sabillo,M
1321,1461,Riku Kano,M
1322,1462,Tatsuya Fukuhara,M
1323,1463,Ryuya Yamanaka,M
1324,1464,Vic Saludar,M
1325,1465,Wilfredo Méndez,M
1326,1466,Masataka Taniguchi,M
1327,1467,Melvin Jerusalem,M
1328,1468,Oscar Collazo,M
1329,1469,Ken Norton,M
1330,1470,Tim Witherspoon,M
1331,1471,Trevor Berbick,M
1332,1472,Oliver McCall,M
1333,1473,Frank Bruno,M
1334,1477,Oleg Maskaev,M
1335,1478,Samuel Peter,M
1336,1480,Bermane Stiverne,M
1337,1481,S. T. Gordon,M
1338,1482,Alfonso Ratliff,M
1339,1484,Sammy Reeson,M
1340,1485,Massimiliano Duran,M
1341,1486,Anaclet Wamba,M
1342,1487,Marcelo Domínguez,M
1343,1488,Juan Carlos Gómez,M
1344,1489,Wayne Braithwaite,M
1345,1490,Giacobbe Fragomeni,M
1346,1491,Grigory Drozd,M
1347,1492,Tony Bellew,M
1348,1493,Ilunga Makabu,M
1349,1494,Badou Jack,M
1350,1495,John Conteh,M
1351,1496,Miguel Ángel Cuello,M
1352,1497,Mate Parlov,M
1353,1498,Marvin Johnson,M
1354,1499,J. B. Williamson,M
1355,1500,Dennis Andries,M
1356,1501,Donny Lalonde,M
1357,1502,Tony Willis,M
1358,1503,Jeff Harding,M
1359,1506,Mike McCallum,M
1360,1507,Fabrice Tiozzo,M
1361,1508,Montell Griffin,M
1362,1512,Adrian Diaconu,M
1363,1514,Oleksandr Gvozdyk,M
1364,1515,Mauro Galvano,M
1365,1516,Thulani Malinga,M
1366,1517,Vincenzo Nardiello,M
1367,1519,Richie Woodhall,M
1368,1520,Markus Beyer,M
1369,1521,Glenn Catley,M
1370,1522,Dave Hilton Jr.,M
1371,1523,Éric Lucas,M
1372,1525,Cristian Sanavia,M
1373,1527,Mikkel Kessler,M
1374,1529,Anthony Dirrell,M
1375,1530,David Benavidez,M
1376,1531,Avni Yildirim,M
1377,1533,Rodrigo Valdéz,M
1378,1535,Bennie Briscoe,M
1379,1536,Julian Jackson,M
1380,1537,Agostino Cardamone,M
1381,1538,Quincy Taylor,M
1382,1539,Keith Holmes,M
1383,1540,Hacine Cherifi,M
1384,1542,Sebastian Zbik,M
1385,1543,Julio César Chávez Jr.,M
1386,1546,Denny Moyer,M
1387,1547,Ralph Dupas,M
1388,1548,Sandro Mazzinghi,M
1389,1549,Kim Ki-Soo,M
1390,1551,Freddie Little,M
1391,1552,Carmelo Bossi,M
1392,1553,Miguel de Oliveira,M
1393,1554,Elisha Obed,M
1394,1555,Eckhard Dagge,M
1395,1556,Rocky Mattioli,M
1396,1557,Maurice Hope,M
1397,1558,Duane Thomas,M
1398,1559,Lupe Aquino,M
1399,1560,René Jacquot,M
1400,1561,John Mugabi,M
1401,1563,Luis Santana,M
1402,1565,Keith Mullings,M
1403,1566,Javier Castillejo,M
1404,1569,Sergio Mora,M
1405,1572,Tony Harrison,M
1406,1574,John H. Stracey,M
1407,1575,Milton McCrory,M
1408,1577,Victor Ortiz,M
1409,1578,Keith Thurman,M
1410,1579,Carlos Morocho Hernández,M
1411,1580,Pedro Adigue,M
1412,1581,Bruno Arcari,M
1413,1582,Perico Fernandez,M
1414,1583,Saensak Muangsurin,M
1415,1584,Miguel Velasquez,M
1416,1586,Kim Sang-Hyun,M
1417,1587,Saoul Mamby,M
1418,1588,Leroy Haley,M
1419,1589,Bruce Curry,M
1420,1590,Billy Costello,M
1421,1591,Lonnie Smith,M
1422,1592,René Arredondo,M
1423,1593,Tsuyoshi Hamada,M
1424,1595,Frankie Randall,M
1425,1597,Junior Witter,M
1426,1599,Érik Morales,M
1427,1600,Viktor Postol,M
1428,1601,Regis Prograis,M
1429,1603,Pedro Carrasco,M
1430,1604,Chango Carmona,M
1431,1605,Rodolfo González,M
1432,1606,Guts Ishimatsu,M
1433,1607,Esteban de Jesús,M
1434,1608,Edwin Rosario,M
1435,1609,José Luis Ramírez,M
1436,1611,Miguel Ángel González,M
1437,1612,Jean Baptiste Mendy,M
1438,1613,César Bazán,M
1439,1615,Juan Lazcano,M
1440,1616,David Díaz,M
1441,1617,Edwin Valero,M
1442,1618,Humberto Soto,M
1443,1619,Antonio DeMarco,M
1444,1620,Omar Figueroa Jr.,M
1445,1621,Dejan Zlatičanin,M
1446,1623,Gabriel Elorde,M
1447,1624,Rene Barrientos,M
1448,1626,Ricardo Arredondo,M
1449,1627,Alfredo Escalera,M
1450,1628,Rafael Limón,M
1451,1629,Cornelius Boza-Edwards,M
1452,1630,Rolando Navarrete,M
1453,1632,Bobby Chacon,M
1454,1633,Azumah Nelson,M
1455,1634,Jesse James Leija,M
1456,1635,Gabriel Ruelas,M
1457,1637,Genaro Hernández,M
1458,1638,Sirimongkol Singwangcha,M
1459,1639,Vitali Tajbert,M
1460,1640,Takahiro Ao,M
1461,1641,Gamaliel Díaz,M
1462,1642,Takashi Miura,M
1463,1643,Francisco Vargas,M
1464,1644,Miguel Berchelt,M
1465,1645,O'Shaquie Foster,M
1466,1646,Howard Winstone,M
1467,1647,José Legrá,M
1468,1648,David Kotei,M
1469,1649,Danny López,M
1470,1650,Juan Laporte,M
1471,1651,Marcos Villasana,M
1472,1652,Paul Hodkinson,M
1473,1653,Gregorio Vargas,M
1474,1654,Kevin Kelley,M
1475,1655,Alejandro González,M
1476,1656,Luisito Espinosa,M
1477,1657,César Soto,M
1478,1658,Guty Espadas Jr.,M
1479,1659,Chi In-Jin,M
1480,1660,Takashi Koshimoto,M
1481,1661,Rodolfo López,M
1482,1663,Óscar Larios,M
1483,1664,Elio Rojas,M
1484,1665,Hozumi Hasegawa,M
1485,1667,Gary Russell Jr.,M
1486,1668,Mark Magsayo,M
1487,1669,Rey Vargas,M
1488,1670,Rigoberto Riasco,M
1489,1671,Royal Kobayashi,M
1490,1672,Yum Dong-Kyun,M
1491,1673,Jaime Garza,M
1492,1674,Juan Meza,M
1493,1675,Lupe Pintor,M
1494,1676,Samart Payakaroon,M
1495,1677,Daniel Zaragoza,M
1496,1678,Paul Banke,M
1497,1679,Pedro Rubén Décima,M
1498,1680,Kiyoshi Hatanaka,M
1499,1682,Thierry Jacob,M
1500,1683,Hector Acero Sánchez,M
1501,1685,Willie Jorrín,M
1502,1686,Toshiaki Nishioka,M
1503,1687,Victor Terrazas,M
1504,1688,Julio Ceja,M
1505,1689,Hugo Ruiz,M
1506,1690,Brandon Figueroa,M
1507,1691,Rodolfo Martínez,M
1508,1692,Carlos Zárate,M
1509,1693,Alberto Dávila,M
1510,1694,Miguel Lora,M
1511,1695,Raúl Pérez,M
1512,1696,Greg Richardson,M
1513,1697,Joichiro Tatsuyoshi,M
1514,1698,Victor Rabanales,M
1515,1699,Byun Jung-Il,M
1516,1700,Yasuei Yakushiji,M
1517,1701,Wayne McCullough,M
1518,1702,Sirimongkol Singmanasak,M
1519,1704,Veeraphol Sahaprom,M
1520,1705,Nordine Oubaali,M
1521,1708,Alexandro Santiago,M
1522,1709,Rafael Orono,M
1523,1710,Kim Chul-Ho,M
1524,1712,Payao Poontarat,M
1525,1713,Jiro Watanabe,M
1526,1714,Gilberto Román,M
1527,1715,Santos Laciar,M
1528,1716,Sugar Baby Rojas,M
1529,1718,Nana Konadu,M
1530,1719,Moon Sung-Kil,M
1531,1720,José Luis Bueno,M
1532,1721,Hiroshi Kawashima,M
1533,1722,Choi In-Joo,M
1534,1723,Masamori Tokuyama,M
1535,1724,Katsushige Kawashima,M
1536,1726,Tomás Rojas,M
1537,1727,Suriyan Sor Rungvisai,M
1538,1728,Yota Sato,M
1539,1729,Carlos Cuadras,M
1540,1731,Jesse Rodríguez,M
1541,1732,Horacio Accavallo,M
1542,1733,Betulio González,M
1543,1736,Yuri Arbachakov,M
1544,1737,Chatchai Singwangcha,M
1545,1738,Medgoen 3K-Battery,M
1546,1739,Malcolm Tuñacao,M
1547,1740,Daisuke Naito,M
1548,1741,Kōki Kameda,M
1549,1743,Juan Hernández Navarrete,M
1550,1744,Daigo Higa,M
1551,1745,Cristofer Rosales,M
1552,1746,Charlie Edwards,M
1553,1747,Julio Cesar Martinez,M
1554,1748,Franco Udella,M
1555,1749,Luis Estaba,M
1556,1750,Netrnoi Sor Vorasingh,M
1557,1751,Kim Sung-Jun,M
1558,1752,Shigeo Nakajima,M
1559,1753,Hilario Zapata,M
1560,1754,Amado Ursua,M
1561,1755,Tadashi Tomori,M
1562,1757,Chang Jung-Koo,M
1563,1758,Germán Torres,M
1564,1759,Lee Yul-Woo,M
1565,1760,Rolando Pascua,M
1566,1763,Choi Yo-Sam,M
1567,1764,Eric Ortiz,M
1568,1765,Omar Niño Romero,M
1569,1766,Édgar Sosa,M
1570,1767,Rodel Mayol,M
1571,1769,Gilberto Keb Baas,M
1572,1770,Adrián Hernández,M
1573,1771,Kompayak Porpramook,M
1574,1773,Pedro Guevara,M
1575,1774,Yu Kimura,M
1576,1775,Ganigan López,M
1577,1776,Masamichi Yabuki,M
1578,1778,Hiroki Ioka,M
1579,1779,Napa Kiatwanchai,M
1580,1780,Choi Jum-Hwan,M
1581,1781,Hideyuki Ohashi,M
1582,1782,Wandee Singwangcha,M
1583,1783,José Antonio Aguirre,M
1584,1784,Eagle Den Junlaphan,M
1585,1785,Isaac Bustos,M
1586,1787,Oleydong Sithsamerchai,M
1587,1788,Xiong Chaozhong,M
1588,1789,Oswaldo Novoa,M
1589,1790,Wanheng Menayothin,M
1590,1791,Panya Pradabsri,M
1591,1792,Yudai Shigeoka,M
1592,1793,Gene Tunney,M
1593,1794,Max Schmeling,M
1594,1795,Ernie Terrell,M
1595,1796,Jimmy Ellis,M
1596,1798,John Tate,M
1597,1799,Mike Weaver,M
1598,1800,Michael Dokes,M
1599,1801,Gerrie Coetzee,M
1600,1802,Greg Page,M
1601,1803,Tony Tubbs,M
1602,1804,James Smith,M
1603,1806,Bruce Seldon,M
1604,1807,John Ruiz,M
1605,1809,Nikolai Valuev,M
1606,1810,Ruslan Chagaev,M
1607,1812,Tyson Fury – Unified champion,M
1608,1813,Alexander Povetkin,M
1609,1814,Mahmoud Charr,M
1610,1815,Trevor Bryan,M
1611,1816,Daniel Dubois,M
1612,1818,Ossie Ocasio,M
1613,1819,Piet Crous,M
1614,1820,Taoufik Belbouli,M
1615,1821,Orlin Norris,M
1616,1822,Nate Miller,M
1617,1823,David Haye – Unified champion,M
1618,1824,Firat Arslan,M
1619,1825,Guillermo Jones,M
1620,1826,Víctor Ramírez,M
1621,1827,Beibut Shumenov,M
1622,1828,Arsen Goulamirian,M
1623,1832,Ryad Merhy,M
1624,1833,Georges Carpentier,M
1625,1834,Battling Siki,M
1626,1835,Jimmy Slattery,M
1627,1836,George Nichols,M
1628,1837,Joe Knight,M
1629,1838,Bob Godwin,M
1630,1840,Anton Christoforidis,M
1631,1841,Vicente Rondón,M
1632,1843,Víctor Galíndez,M
1633,1844,Mike Rossman,M
1634,1846,Eddie Mustafa Muhammad,M
1635,1847,Leslie Stewart,M
1636,1848,Lou Del Valle,M
1637,1850,Roy Jones Jr. – Unified champion,M
1638,1851,Mehdi Sahnoune,M
1639,1852,Silvio Branco,M
1640,1854,Stipe Drews,M
1641,1855,Hugo Garay,M
1642,1856,Gabriel Campillo,M
1643,1859,Bruno Girard,M
1644,1860,Fulgencio Obelmejias,M
1645,1861,Baek In-chul,M
1646,1862,Christophe Tiozzo,M
1647,1863,Víctor Córdoba,M
1648,1864,Steve Little,M
1649,1865,Frankie Liles,M
1650,1866,Byron Mitchell,M
1651,1867,Manny Siaca,M
1652,1870,Fedor Chudinov,M
1653,1872,Giovanni De Carolis,M
1654,1873,Tyron Zeuge,M
1655,1874,George Groves,M
1656,1875,Dimitri Sartison,M
1657,1876,Rocky Fielding,M
1658,1877,David Morrell,M
1659,1878,Johnny Wilson,M
1660,1879,Gorilla Jones,M
1661,1880,Vince Dundee,M
1662,1881,Teddy Yarosz,M
1663,1882,Eddie Babe Risko,M
1664,1883,Al Hostak,M
1665,1884,Solly Krieger,M
1666,1886,Randolph Turpin,M
1667,1887,Bobo Olson,M
1668,1888,Jorge Castro,M
1669,1889,Shinji Takehara,M
1670,1890,William Joppy,M
1671,1891,Julio César Green,M
1672,1893,Bernard Hopkins – Unified champion,M
1673,1894,Bernard Hopkins – Undisputed champion,M
1674,1897,Ryōta Murata,M
1675,1899,Maselino Masoe,M
1676,1900,Rob Brant,M
1677,1902,Alessandro Mazzinghi,M
1678,1903,Kim Ki-soo,M
1679,1904,Yuh Jae-doo,M
1680,1906,José Duran,M
1681,1907,Miguel Ángel Castellini,M
1682,1908,Tadashi Mihara,M
1683,1909,Gilbert Delé,M
1684,1910,Julio César Vásquez,M
1685,1911,Carl Daniels,M
1686,1913,Laurent Boudouani,M
1687,1914,David Reid,M
1688,1915,Travis Simms,M
1689,1916,Alejandro García,M
1690,1918,Joachim Alcine,M
1691,1919,Yuri Foreman,M
1692,1922,Santiago Samaniego,M
1693,1923,Austin Trout,M
1694,1924,Jack Culcay,M
1695,1925,Ramón Álvarez,M
1696,1926,Jack Britton,M
1697,1927,Johnny Bratton,M
1698,1928,Ángel Espada,M
1699,1929,José Cuevas,M
1700,1930,Mark Breland,M
1701,1931,Tomás Molinares,M
1702,1933,Aaron Davis,M
1703,1934,Crisanto España,M
1704,1935,Ike Quartey,M
1705,1936,James Page,M
1706,1937,Andrew Lewis,M
1707,1938,Luis Collazo,M
1708,1940,Vyacheslav Senchenko,M
1709,1941,Marcos Maidana,M
1710,1943,Yordenis Ugás,M
1711,1944,Yuriy Nuzhnenko,M
1712,1945,David Avanesyan,M
1713,1946,Lucas Matthysse,M
1714,1947,Jamal James,M
1715,1948,Radzhab Butaev,M
1716,1949,Eimantas Stanionis,M
1717,1950,Pinky Mitchell,M
1718,1951,Jack Kid Berg,M
1719,1952,Johnny Jadick,M
1720,1954,Roberto Cruz,M
1721,1957,Johnny Bumphus,M
1722,1958,Gene Hatcher,M
1723,1959,Ubaldo Néstor Sacco,M
1724,1960,Patrizio Oliva,M
1725,1961,Juan Martin Coggi,M
1726,1962,Loreto Garza,M
1727,1963,Akinobu Hiranaka,M
1728,1964,Morris East,M
1729,1968,Khalid Rahilou,M
1730,1969,Sharmba Mitchell,M
1731,1970,Kostya Tszyu – Unified champion,M
1732,1971,Kostya Tszyu – Undisputed champion,M
1733,1972,Vivian Harris,M
1734,1973,Carlos Maussa,M
1735,1974,Souleymane M'baye,M
1736,1975,Gavin Rees,M
1737,1976,Andreas Kotelnik,M
1738,1979,Kiryl Relikh,M
1739,1980,Alberto Puello,M
1740,1981,Rolly Romero,M
1741,1982,Diosbelys Hurtado,M
1742,1983,Mario Barrios,M
1743,1985,Juan Zurita,M
1744,1986,Wallace Bud Smith,M
1745,1987,Ernesto España,M
1746,1988,Hilmer Kenty,M
1747,1989,Sean O'Grady,M
1748,1990,Claude Noel,M
1749,1991,Arturo Frias,M
1750,1992,Ray Mancini,M
1751,1993,Livingstone Bramble,M
1752,1994,Juan Nazario,M
1753,1995,Joey Gamache,M
1754,1996,Orzubek Nazarov,M
1755,1997,Julien Lorcy,M
1756,1998,Stefano Zoff,M
1757,1999,Gilberto Serrano,M
1758,2000,Takanori Hatakeyama,M
1759,2002,Raúl Horacio Balbi,M
1760,2003,Leonard Doroftei,M
1761,2004,Lakva Sim,M
1762,2005,Paulus Moses,M
1763,2006,Richar Abril,M
1764,2007,Darleys Pérez,M
1765,2008,Anthony Crolla,M
1766,2009,José Alfaro,M
1767,2010,Yusuke Kobori,M
1768,2012,Miguel Acosta,M
1769,2013,Brandon Ríos,M
1770,2014,[151],M
1771,2015,Frankie Klick,M
1772,2016,Harold Gomes,M
1773,2017,Choi Yong-soo,M
1774,2018,Baek Jong-kwon,M
1775,2019,Acelino Freitas – Unified champion,M
1776,2020,Yodsanan Sor Nanthachai,M
1777,2021,Vicente Mosquera,M
1778,2022,Takashi Uchiyama,M
1779,2024,Jezreel Corrales,M
1780,2025,Alberto Machado,M
1781,2026,Andrew Cancio,M
1782,2028,Roger Gutiérrez,M
1783,2029,Héctor García,M
1784,2030,Lamont Roach Jr.,M
1785,2031,Javier Fortuna,M
1786,2032,Jason Sosa,M
1787,2034,René Alvarado,M
1788,2035,Tommy Paul,M
1789,2036,Petey Scalzo,M
1790,2037,Richie Lemos,M
1791,2038,Jackie Wilson,M
1792,2039,Jackie Callura,M
1793,2040,Phil Terranova,M
1794,2041,Sal Bartolo,M
1795,2042,Raul Rojas,M
1796,2043,Shozo Saijo,M
1797,2044,Antonio Gomez,M
1798,2045,Ernesto Marcel,M
1799,2046,Rafael Ortega,M
1800,2047,Cecilio Lastra,M
1801,2048,Park Yong-kyun,M
1802,2049,Eloy Rojas,M
1803,2050,Wilfredo Vázquez,M
1804,2051,Freddie Norwood,M
1805,2052,Antonio Cermeño,M
1806,2054,Chris John,M
1807,2057,Nicholas Walters,M
1808,2059,Jesús Cuellar,M
1809,2061,Leigh Wood,M
1810,2062,Mauricio Lara,M
1811,2063,Raymond Ford,M
1812,2065,Jonathan Victor Barros,M
1813,2067,Jesús Rojas,M
1814,2068,Xu Can,M
1815,2069,Hong Soo-hwan,M
1816,2070,Ricardo Cardona,M
1817,2071,Leo Randolph,M
1818,2072,Sergio Víctor Palma,M
1819,2073,Leo Cruz,M
1820,2074,Loris Stecca,M
1821,2075,Victor Callejas,M
1822,2076,Julio Gervacio,M
1823,2077,Juan José Estrada,M
1824,2078,Jesus Salud,M
1825,2079,Luis Mendoza,M
1826,2080,Enrique Sánchez,M
1827,2081,Néstor Garza,M
1828,2082,Clarence Adams,M
1829,2083,Yober Ortega,M
1830,2084,Yoddamrong Sithyodthong,M
1831,2085,Osamu Sato,M
1832,2086,Salim Medjkoune,M
1833,2087,Mahyar Monshipour,M
1834,2088,Somsak Sithchatchawal,M
1835,2090,Lee Ryol-li,M
1836,2091,Akifumi Shimoda,M
1837,2092,Rico Ramos,M
1838,2093,Scott Quigg,M
1839,2095,T. J. Doheny,M
1840,2096,Ricardo Cordoba,M
1841,2097,Bernard Dunne,M
1842,2098,Poonsawat Kratingdaenggym,M
1843,2099,Nehomar Cermeño,M
1844,2100,Shun Kubo,M
1845,2101,Joe Lynch,M
1846,2102,Pete Herman,M
1847,2103,Johnny Buff,M
1848,2105,Abe Goldstein,M
1849,2106,Bud Taylor,M
1850,2107,Bushy Graham,M
1851,2108,Panamá Al Brown,M
1852,2109,Eugène Huat,M
1853,2110,Louis Salica,M
1854,2114,Raúl Macías,M
1855,2115,Takuya Muguruma,M
1856,2116,Park Chan-Yong,M
1857,2117,Kaokor Galaxy,M
1858,2118,Moon Sung-kil,M
1859,2120,Eddie Cook,M
1860,2121,John Michael Johnson,M
1861,2122,Daorung Chuvatana,M
1862,2125,Eidy Moya,M
1863,2126,Volodymyr Sydorenko,M
1864,2127,Anselmo Moreno,M
1865,2129,Zhanat Zhakiyanov,M
1866,2131,Takuma Inoue,M
1867,2132,Koki Kameda,M
1868,2133,Gustavo Ballas,M
1869,2134,Rafael Pedroza,M
1870,2135,Khaosai Galaxy,M
1871,2136,Katsuya Onizuka,M
1872,2137,Lee Hyung-chul,M
1873,2138,Alimi Goitia,M
1874,2139,Yokthai Sithoar,M
1875,2140,Satoshi Iida,M
1876,2141,Hideki Todaka,M
1877,2142,Leo Gámez,M
1878,2143,Celes Kobayashi,M
1879,2144,Alexander Muñoz,M
1880,2145,Martín Castillo,M
1881,2146,Nobuo Nashiro,M
1882,2148,Vic Darchinyan – Unified champion,M
1883,2149,Tomonobu Shimizu,M
1884,2150,Tepparith Kokietgym,M
1885,2151,Kohei Kono,M
1886,2152,Liborio Solís,M
1887,2153,Denkaosan Kaovichit,M
1888,2154,Luis Concepción,M
1889,2155,Kal Yafai,M
1890,2156,Joshua Franco,M
1891,2157,Andrew Moloney,M
1892,2158,Jimmy Wilde,M
1893,2159,Pinky Silverberg,M
1894,2161,Frankie Genaro,M
1895,2162,Émile Pladner,M
1896,2164,Victor Perez,M
1897,2165,Jackie Brown,M
1898,2166,Little Dado,M
1899,2168,Bernabe Villacampo,M
1900,2169,Berkrerk Chartvanchai,M
1901,2170,Masao Ohba,M
1902,2171,Susumu Hanagata,M
1903,2172,Alfonso López,M
1904,2173,Guty Espadas,M
1905,2174,Luis Ibarra,M
1906,2175,Kim Tae-shik,M
1907,2176,Peter Mathebula,M
1908,2178,Juan Herrera,M
1909,2180,Fidel Bassa,M
1910,2181,Lee Yul-woo,M
1911,2182,Leopard Tamakuma,M
1912,2183,Kim Yong-kang,M
1913,2184,Aquiles Guzmán,M
1914,2185,David Grimán,M
1915,2186,Saen Sor Ploenchit,M
1916,2187,José Bonilla,M
1917,2188,Hugo Rafael Soto,M
1918,2189,Sornpichai Kratingdaenggym,M
1919,2190,Eric Morel,M
1920,2191,Lorenzo Parra,M
1921,2192,Takefumi Sakata,M
1922,2193,Hernán Márquez,M
1923,2194,Artem Dalakian,M
1924,2195,Seigo Yuri Akui,M
1925,2196,Juan Carlos Reveco,M
1926,2197,Jaime Rios,M
1927,2198,Juan Antonio Guzman,M
1928,2199,Yoko Gushiken,M
1929,2200,Pedro Flores,M
1930,2201,Kim Hwan-jin,M
1931,2202,Katsuo Tokashiki,M
1932,2203,Lupe Madera,M
1933,2204,Francisco Quiróz,M
1934,2205,Joey Olivo,M
1935,2206,Yuh Myung-woo,M
1936,2208,Choi Hi-yong,M
1937,2209,Carlos Murillo,M
1938,2210,Keiji Yamaguchi,M
1939,2211,Pichitnoi Sitbangprachan,M
1940,2212,Beibis Mendoza,M
1941,2213,Roberto Vásquez,M
1942,2214,Brahim Asloum,M
1943,2217,Alberto Rossel,M
1944,2218,Kenshiro Teraji – Unified champion,M
1945,2219,Carlos Cañizales,M
1946,2220,Esteban Bermudez,M
1947,2221,Kim Bong-jun,M
1948,2222,Chana Porpaoin,M
1949,2223,Noel Arambulet,M
1950,2224,Joma Gamboa,M
1951,2225,Keitaro Hoshino,M
1952,2227,Yutaka Niida,M
1953,2229,Kwanthai Sithmorseng,M
1954,2230,Pornsawan Porpramook,M
1955,2231,Ryo Miyazaki,M
1956,2232,Byron Rojas,M
1957,2233,Knockout CP Freshmart,M
1958,2235,Erick Rosa,M
